Score	Class	Archetype	Skill	Tier	Type	Design Doc Description	Mapped?	Mapped Effects	Mapped Behavior	Issue
2/10	Berserker	Blood Fury	Bloodletting	T1	Passive	For every 10% of max HP you are missing, gain 5% bonus physical damage (max 50% at 10% HP remaining).	NO	(none — theme fallback)	Random theme-generated ability	NOT MAPPED: Gets random theme ability that won't match design doc at all
2/10	Berserker	Blood Fury	Pain Conversion	T1	Passive	20% of all damage you take is converted to Fury; Fury regenerates Rage resource and increases attack power by 1% per 10 Fury gained this combat (max 20%).	NO	(none — theme fallback)	Random theme-generated ability	NOT MAPPED: Gets random theme ability that won't match design doc at all
2/10	Berserker	Blood Fury	Vital Hemorrhage	T2	Passive	Your bleeds no longer tick away harmlessly — they now feed you; 25% of all bleed damage you inflict is returned to you as Fury, and at 50+ Fury you gain 1% HP regeneration per turn.	NO	(none — theme fallback)	Random theme-generated ability	NOT MAPPED: Gets random theme ability that won't match design doc at all
2/10	Berserker	Blood Fury	Last Breath Surge	T3	Reactive	Triggered automatically when you drop below 15% HP: immediately deal a retaliatory strike to every enemy in 2 hexes for 200% weapon damage and enter a 5-second enrage where Bloodletting is doubled; 60-second cooldown.	NO	(none — theme fallback)	Random theme-generated ability	NOT MAPPED: Gets random theme ability that won't match design doc at all
2/10	Berserker	Blood Fury	Death's Door Mastery	T4	Passive	While below 20% HP, you are immune to fear, CC effects, and knockback; your movement increases by 30%; and all Blood Fury damage bonuses are treated as if you are at 5% HP regardless of actual HP.	NO	(none — theme fallback)	Random theme-generated ability	NOT MAPPED: Gets random theme ability that won't match design doc at all
2/10	Berserker	Blood Fury	Undying Rage	T4	Reactive	Once per combat when you would be killed, survive with 1 HP and enter Undying Rage for 8 seconds: during Undying Rage you cannot die (damage reduces you to 1 HP only), all Bloodletting bonuses are at maximum, and every kill you make heals you for 15% max HP.	NO	(none — theme fallback)	Random theme-generated ability	NOT MAPPED: Gets random theme ability that won't match design doc at all
2/10	Berserker	Warpath	Momentum	T1	Passive	Each time you move at full sprint speed for 1+ seconds before attacking, the attack deals 25% bonus damage; standing still for more than 2 seconds resets the bonus.	NO	(none — theme fallback)	Random theme-generated ability	NOT MAPPED: Gets random theme ability that won't match design doc at all
2/10	Berserker	Warpath	Battering Ram	T2	Passive	Your charges destroy destructible cover, push back all enemies in your path (not just the primary target), and deal bonus damage proportional to the distance charged (5% per meter, max 50%).	NO	(none — theme fallback)	Random theme-generated ability	NOT MAPPED: Gets random theme ability that won't match design doc at all
2/10	Berserker	Warpath	Unstoppable Force	T4	Passive	While in motion, you generate a physical force aura — enemies within 1 hex of your path while you move take moderate impact damage per turn just from proximity; walls, doors, and thin barriers are smashed through automatically.	NO	(none — theme fallback)	Random theme-generated ability	NOT MAPPED: Gets random theme ability that won't match design doc at all
2/10	Berserker	Warpath	Rampage	T4	Active	Enter a 10-second rampage state where Bull Rush, Chain Charge, and Titan Charge all reset their cooldowns every 2.5 seconds; during Rampage you must keep charging — if you stand still for more than 1 second, the rampage ends prematurely.	YES	transform_state, res_apRefund	transform (stat boost) + AP refund	Cooldown manipulation described but not mapped; Override transform_state.bonusPct=0 → needs custom system
2/10	Berserker	Primal Howl	Primal Presence	T1	Aura	Passive aura: all enemies within 2 hexes permanently suffer -10% damage and -10% accuracy from your overwhelming physical dominance.	NO	(none — theme fallback)	Random theme-generated ability	NOT MAPPED: Gets random theme ability that won't match design doc at all
2/10	Berserker	Primal Howl	Pack Breaker	T2	Passive	When you fear at least 2 enemies simultaneously, the fear spreads to adjacent non-feared enemies within 2 hexes of the fleeing ones (mob psychology); the secondary fear lasts 1.5 seconds.	NO	(none — theme fallback)	Random theme-generated ability	NOT MAPPED: Gets random theme ability that won't match design doc at all
2/10	Berserker	Primal Howl	Imposing Stature	T2	Passive	Your Primal Presence aura radius increases to 3 hexes; enemies who enter the aura for the first time in combat are briefly stunned for 0.5 seconds from shock.	NO	(none — theme fallback)	Random theme-generated ability	NOT MAPPED: Gets random theme ability that won't match design doc at all
2/10	Berserker	Primal Howl	Berserker's Legend	T3	Passive	Your reputation precedes you — at the start of combat, all enemies begin with reduced morale (fear thresholds lowered by 20%), making all your fear effects trigger more easily.	NO	(none — theme fallback)	Random theme-generated ability	NOT MAPPED: Gets random theme ability that won't match design doc at all
2/10	Berserker	Primal Howl	Alpha Presence	T4	Aura	Upgrade your Primal Presence permanently for this combat: the aura now extends to 4 hexes; enemies inside suffer -20% damage, -15% speed, and have a 10% chance to hesitate (delay their next action by 0.5 seconds) per attack they attempt.	NO	(none — theme fallback)	Random theme-generated ability	NOT MAPPED: Gets random theme ability that won't match design doc at all
2/10	Bladesinger	Sword Dance	Dancer's Cadence	T2	Passive	Every 5 Rhythm accumulated increases your attack rate by 5% (max 4 stacks).	NO	(none — theme fallback)	Random theme-generated ability	NOT MAPPED: Gets random theme ability that won't match design doc at all
2/10	Bladesinger	Sword Dance	Whirlwind Step	T2	Movement	Dash through an enemy dealing damage; resets your combo chain timer by 1 turn.	YES	disp_dash, dmg_weapon	dash/charge to target + weapon damage	References custom resource system (not yet implemented); Override disp_dash.damageOnArrival=0 → needs custom system
2/10	Bladesinger	Sword Dance	Crescendo Strike	T3	Active	Consume all Rhythm; deal damage equal to 15x Rhythm stacks in a single blinding blow.	YES	dmg_execute	execute damage (bonus vs low HP)	References custom resource system (not yet implemented); Stacking mechanic referenced but not implemented in executor
2/10	Bladesinger	Sword Dance	Phantom Echo	T3	Passive	Your last 2 attacks replay as phantom hits at 40% damage 1 turn after you execute them.	NO	(none — theme fallback)	Random theme-generated ability	NOT MAPPED: Gets random theme ability that won't match design doc at all
2/10	Bladesinger	Sword Dance	The Endless Dance	T5	Transform	Enter the Eternal Rhythm for 4 turns: Rhythm no longer caps, every strike generates 3 Rhythm, Crescendo Strike fires every 1 turn automatically at full accumulated power, and you are immune to interruption.	YES	transform_state, dmg_multihit	transform (stat boost) + multi-hit damage	References custom resource system (not yet implemented); Override transform_state.bonusPct=0 → needs custom system
2/10	Bladesinger	Spell Weave	Interrupt Weave	T1	Passive	Perfectly alternating strike-spell-strike sequences grant a 10% damage bonus to both.	NO	(none — theme fallback)	Random theme-generated ability	NOT MAPPED: Gets random theme ability that won't match design doc at all
2/10	Bladesinger	Spell Weave	Arcane Loop	T2	Passive	Maintaining a perfect alternating sequence for 6+ actions grants Resonance (flat 20% dmg boost).	NO	(none — theme fallback)	Random theme-generated ability	NOT MAPPED: Gets random theme ability that won't match design doc at all
2/10	Bladesinger	Spell Weave	Spell Parry	T2	Reactive	Block an incoming spell with your blade; reflect 30% of its damage back.	NO	(none — theme fallback)	Random theme-generated ability	NOT MAPPED: Gets random theme ability that won't match design doc at all
2/10	Bladesinger	Spell Weave	Spellblade Mastery	T3	Passive	While Resonance is active, your spells gain melee range and your strikes gain spell range.	NO	(none — theme fallback)	Random theme-generated ability	NOT MAPPED: Gets random theme ability that won't match design doc at all
2/10	Bladesinger	Spell Weave	Infinite Weave	T4	Passive	Resonance no longer expires until you break the alternating sequence.	NO	(none — theme fallback)	Random theme-generated ability	NOT MAPPED: Gets random theme ability that won't match design doc at all
2/10	Bladesinger	War Chant	Chant of Iron	T1	Aura	Nearby allies gain +10% physical damage while you are in melee combat.	NO	(none — theme fallback)	Random theme-generated ability	NOT MAPPED: Gets random theme ability that won't match design doc at all
2/10	Bladesinger	War Chant	Verse of Swiftness	T1	Aura	Nearby allies gain +15% movement; cancels if you stop moving for 1 turn.	NO	(none — theme fallback)	Random theme-generated ability	NOT MAPPED: Gets random theme ability that won't match design doc at all
2/10	Bladesinger	War Chant	Battle Refrain	T1	Passive	Each enemy you hit extends the duration of your active Chant by 1 turn.	NO	(none — theme fallback)	Random theme-generated ability	NOT MAPPED: Gets random theme ability that won't match design doc at all
2/10	Bladesinger	War Chant	Chant of the Storm	T2	Aura	Allies' attacks have a 15% chance to trigger a minor lightning strike on hit.	NO	(none — theme fallback)	Random theme-generated ability	NOT MAPPED: Gets random theme ability that won't match design doc at all
2/10	Bladesinger	War Chant	Warchanter's Vigor	T2	Passive	Allies affected by your Chant regenerate 1% HP per 2 turns.	NO	(none — theme fallback)	Random theme-generated ability	NOT MAPPED: Gets random theme ability that won't match design doc at all
2/10	Bladesinger	War Chant	Chant of Ruin	T3	Aura	Your attacks and allies' attacks apply a stacking armor-shred debuff (2% per hit, max 20%).	NO	(none — theme fallback)	Random theme-generated ability	NOT MAPPED: Gets random theme ability that won't match design doc at all
2/10	Bladesinger	War Chant	Grand Crescendo	T4	Passive	When you switch Chants, all allies within range receive a 2 turns burst of the outgoing Chant at 200% potency.	NO	(none — theme fallback)	Random theme-generated ability	NOT MAPPED: Gets random theme ability that won't match design doc at all
2/10	Bladesinger	War Chant	The Eternal War Song	T5	Toggle	Activate to simultaneously maintain all three Chants at full power indefinitely; allies within 4 hexes also gain immunity to silence and fear, and your Chants can no longer be interrupted or suppressed.	YES	buff_stat, buff_dmgReduce, transform_state	stat buff + damage reduction + transform (stat boost)	Override transform_state.turns=0 → needs custom system; Override transform_state.bonusPct=0 → needs custom system
2/10	Blood Alchemist	Sacrifice	Blood Price	T1	Passive	Unlock the ability to spend HP to cast abilities; no energy cost when sacrificing blood.	NO	(none — theme fallback)	Random theme-generated ability	NOT MAPPED: Gets random theme ability that won't match design doc at all
2/10	Blood Alchemist	Sacrifice	Pain Threshold	T1	Passive	Below 50% HP, gain +10% damage. Below 25% HP, gain an additional +15% damage.	NO	(none — theme fallback)	Random theme-generated ability	NOT MAPPED: Gets random theme ability that won't match design doc at all
2/10	Blood Alchemist	Sacrifice	Defiant Ichor	T2	Passive	When you drop below 15% HP, gain a 2 turns window of damage immunity (once per fight).	NO	(none — theme fallback)	Random theme-generated ability	NOT MAPPED: Gets random theme ability that won't match design doc at all
2/10	Blood Alchemist	Sacrifice	Red Mist	T3	Passive	Each time you lose HP to a sacrifice, gain a stacking 2% lifesteal (resets on rest, max 10).	NO	(none — theme fallback)	Random theme-generated ability	NOT MAPPED: Gets random theme ability that won't match design doc at all
2/10	Blood Alchemist	Sacrifice	Martyr's Conviction	T4	Passive	If you survive 3 separate killing blows in a fight (via Defiant Ichor or similar), your sacrifice costs are halved permanently for the rest of the encounter.	NO	(none — theme fallback)	Random theme-generated ability	NOT MAPPED: Gets random theme ability that won't match design doc at all
2/10	Blood Alchemist	Hemomancy	Sanguine Sense	T1	Passive	You detect the heartbeat of all living targets within 6 hexes; they cannot hide from you.	NO	(none — theme fallback)	Random theme-generated ability	NOT MAPPED: Gets random theme ability that won't match design doc at all
2/10	Blood Alchemist	Hemomancy	Cascade Control	T4	Passive	Using Full Puppet on an enemy causes all enemies within 2 hexes to be Rooted for the puppet's duration.	NO	(none — theme fallback)	Random theme-generated ability	NOT MAPPED: Gets random theme ability that won't match design doc at all
2/10	Blood Alchemist	Transfusion	Blood Bond	T1	Passive	While you have an active blood link to an ally, your heals on them are 20% more effective.	NO	(none — theme fallback)	Random theme-generated ability	NOT MAPPED: Gets random theme ability that won't match design doc at all
2/10	Blood Alchemist	Transfusion	Emergency Infusion	T3	Reactive	Trigger automatically when an ally drops below 10% HP; instantly transfer 20% of your HP to them.	NO	(none — theme fallback)	Random theme-generated ability	NOT MAPPED: Gets random theme ability that won't match design doc at all
2/10	Blood Alchemist	Transfusion	Vitae Overflow	T3	Passive	Healing that exceeds a target's max HP is stored as an Overheal shield (max 20% of max HP).	NO	(none — theme fallback)	Random theme-generated ability	NOT MAPPED: Gets random theme ability that won't match design doc at all
2/10	Blood Alchemist	Transfusion	Blood Economy	T4	Passive	Each point of HP you sacrifice via Sacrifice archetype abilities generates 0.5% of that HP as healing distributed among allies.	NO	(none — theme fallback)	Random theme-generated ability	NOT MAPPED: Gets random theme ability that won't match design doc at all
2/10	Chronoweaver	Accelerant	Tempo Tap	T1	Passive	Basic attacks grant 2% action rate, stacks 5x	NO	(none — theme fallback)	Random theme-generated ability	NOT MAPPED: Gets random theme ability that won't match design doc at all
2/10	Chronoweaver	Accelerant	Time Slip	T2	Passive	10% chance to dodge by briefly skipping forward in time	NO	(none — theme fallback)	Random theme-generated ability	NOT MAPPED: Gets random theme ability that won't match design doc at all
2/10	Chronoweaver	Accelerant	Cascade	T3	Passive	Kills during haste extend haste by 1 turn	NO	(none — theme fallback)	Random theme-generated ability	NOT MAPPED: Gets random theme ability that won't match design doc at all
2/10	Chronoweaver	Accelerant	Blur	T3	Passive	While hasted, gain 20% evasion	NO	(none — theme fallback)	Random theme-generated ability	NOT MAPPED: Gets random theme ability that won't match design doc at all
2/10	Chronoweaver	Accelerant	Afterimage	T4	Passive	While hasted, leave a damaging afterimage on dodge	NO	(none — theme fallback)	Random theme-generated ability	NOT MAPPED: Gets random theme ability that won't match design doc at all
2/10	Chronoweaver	Entropy	Accelerate Rot	T2	Passive	Your DoTs tick 25% faster	NO	(none — theme fallback)	Random theme-generated ability	NOT MAPPED: Gets random theme ability that won't match design doc at all
2/10	Chronoweaver	Entropy	Frailty Aura	T2	Aura	Enemies within 3 hexes take 8% more damage from all sources	NO	(none — theme fallback)	Random theme-generated ability	NOT MAPPED: Gets random theme ability that won't match design doc at all
2/10	Chronoweaver	Entropy	Age of Ruin	T3	Passive	Your DoTs reduce enemy healing received by 5% per stack	NO	(none — theme fallback)	Random theme-generated ability	NOT MAPPED: Gets random theme ability that won't match design doc at all
2/10	Chronoweaver	Entropy	Temporal Rot	T4	Passive	When an enemy dies with your DoTs, nearby enemies gain those DoTs at half duration	NO	(none — theme fallback)	Random theme-generated ability	NOT MAPPED: Gets random theme ability that won't match design doc at all
2/10	Chronoweaver	Paradox	Split Timeline	T2	Passive	15% chance any skill activates twice	NO	(none — theme fallback)	Random theme-generated ability	NOT MAPPED: Gets random theme ability that won't match design doc at all
2/10	Chronoweaver	Paradox	Schrodinger	T3	Passive	When you would die, 50% chance to instead heal to 30% HP Once per combat.	NO	(none — theme fallback)	Random theme-generated ability	NOT MAPPED: Gets random theme ability that won't match design doc at all
2/10	Chronoweaver	Paradox	Instability	T4	Passive	All your skills have +20% damage but +15% variance (can overperform or underperform)	NO	(none — theme fallback)	Random theme-generated ability	NOT MAPPED: Gets random theme ability that won't match design doc at all
2/10	Chronoweaver	Paradox	Closed Timelike	T5	Ultimate	Rewind the entire battlefield 2 turns. All positions, HP, Only you retain memory (keep your buffs). 15 turns cooldown.	YES	heal_flat, transform_state	flat heal + transform (stat boost)	Override heal_flat.amount=0 → needs custom system; Override transform_state.bonusPct=0 → needs custom system
2/10	Echo Dancer	Resonance	Tuning Strike	T1	Attack	Melee hit applies 1 Resonance stack to target	YES	dmg_weapon	weapon damage	References custom resource system (not yet implemented); Stacking mechanic referenced but not implemented in executor
2/10	Echo Dancer	Resonance	Harmonic Blade	T1	Passive	Every 3rd hit on same target deals +40% damage	NO	(none — theme fallback)	Random theme-generated ability	NOT MAPPED: Gets random theme ability that won't match design doc at all
2/10	Echo Dancer	Resonance	Pitch Perfect	T1	Passive	+15% crit chance against targets with 3+ Resonance	NO	(none — theme fallback)	Random theme-generated ability	NOT MAPPED: Gets random theme ability that won't match design doc at all
2/10	Echo Dancer	Resonance	Shatter Point	T2	Attack	Consume all Resonance stacks. Deal burst damage scaling with stacks consumed (big payoff at 5+)	YES	dmg_execute	execute damage (bonus vs low HP)	References custom resource system (not yet implemented); Stacking mechanic referenced but not implemented in executor
2/10	Echo Dancer	Resonance	Sympathetic Vibe	T2	Passive	When you apply Resonance to a target, nearby enemies gain 1 stack too (1 hex radius)	NO	(none — theme fallback)	Random theme-generated ability	NOT MAPPED: Gets random theme ability that won't match design doc at all
2/10	Echo Dancer	Resonance	Overtone	T2	Passive	Resonance stacks also reduce target's damage by 3% each	NO	(none — theme fallback)	Random theme-generated ability	NOT MAPPED: Gets random theme ability that won't match design doc at all
2/10	Echo Dancer	Resonance	Crystal Freq	T3	Active	Lock onto target's Resonance frequency. for 2 turns, all hits apply 2 stacks instead of 1.	YES	debuff_vuln	vulnerability (bonus damage taken)	References custom resource system (not yet implemented); Stacking mechanic referenced but not implemented in executor
2/10	Echo Dancer	Resonance	Feedback Loop	T3	Passive	Shatter Point refunds 1 stack per enemy hit by the burst	NO	(none — theme fallback)	Random theme-generated ability	NOT MAPPED: Gets random theme ability that won't match design doc at all
2/10	Echo Dancer	Resonance	Glass Cannon	T3	Passive	+25% damage dealt, +15% damage taken	NO	(none — theme fallback)	Random theme-generated ability	NOT MAPPED: Gets random theme ability that won't match design doc at all
2/10	Echo Dancer	Resonance	Sonic Boom	T4	Active	Detonate all Resonance on all nearby enemies simultaneously. Chain reaction: each detonation adds 1 stack to survivors.	YES	dmg_spell	spell/magic damage	References custom resource system (not yet implemented); Stacking mechanic referenced but not implemented in executor
2/10	Echo Dancer	Resonance	Perfect Pitch	T4	Passive	Shatter Point at 8+ stacks always crits and ignores 50% armor	NO	(none — theme fallback)	Random theme-generated ability	NOT MAPPED: Gets random theme ability that won't match design doc at all
2/10	Echo Dancer	Silence	Dampening Field	T1	Passive	Reduce all sound/aggro generation by 40%	NO	(none — theme fallback)	Random theme-generated ability	NOT MAPPED: Gets random theme ability that won't match design doc at all
2/10	Echo Dancer	Silence	Whisper Step	T2	Passive	movement +20% while stealthed	NO	(none — theme fallback)	Random theme-generated ability	NOT MAPPED: Gets random theme ability that won't match design doc at all
2/10	Echo Dancer	Silence	Anechoic	T3	Passive	While in stealth, you are immune to AoE detection	NO	(none — theme fallback)	Random theme-generated ability	NOT MAPPED: Gets random theme ability that won't match design doc at all
2/10	Echo Dancer	Silence	Erasure	T4	Passive	Kills from stealth do not break stealth. 2 turns internal CD.	NO	(none — theme fallback)	Random theme-generated ability	NOT MAPPED: Gets random theme ability that won't match design doc at all
2/10	Echo Dancer	Cacophony	Discordant Aura	T2	Aura	Enemies within 3 hexes deal 10% less damage	NO	(none — theme fallback)	Random theme-generated ability	NOT MAPPED: Gets random theme ability that won't match design doc at all
2/10	Echo Dancer	Cacophony	Feedback Shriek	T3	Passive	When you take a crit, emit a damaging pulse (3 hexes)	NO	(none — theme fallback)	Random theme-generated ability	NOT MAPPED: Gets random theme ability that won't match design doc at all
2/10	Echo Dancer	Cacophony	Amp It Up	T3	Passive	Your AoE abilities grow 20% larger radius	NO	(none — theme fallback)	Random theme-generated ability	NOT MAPPED: Gets random theme ability that won't match design doc at all
2/10	Echo Dancer	Cacophony	Sound & Fury	T4	Passive	Each enemy hit by your AoEs grants you +5% damage for 2 turns (stacks)	NO	(none — theme fallback)	Random theme-generated ability	NOT MAPPED: Gets random theme ability that won't match design doc at all
2/10	Echo Dancer	Cacophony	Symphony of	T5	Ultimate	5 hexes radius for 3 turns. Constant AoE damage that escalates 40% and Disoriented. Allies inside gain +20% damage. 15 turns cooldown.	NO	(none — theme fallback)	Random theme-generated ability	NOT MAPPED: Gets random theme ability that won't match design doc at all
2/10	Hexblade	Hungering Blade	Blood Feeding	T1	Passive	On each kill, the blade feeds — permanently gain 2% weapon damage for this encounter (max 40 kills = 80% bonus)	NO	(none — theme fallback)	Random theme-generated ability	NOT MAPPED: Gets random theme ability that won't match design doc at all
2/10	Hexblade	Hungering Blade	Voracious	T1	Passive	Lifesteal from Hungry Strike increases to 12% while below 50% HP; the blade fights harder when its host is threatened	NO	(none — theme fallback)	Random theme-generated ability	NOT MAPPED: Gets random theme ability that won't match design doc at all
2/10	Hexblade	Hungering Blade	Living Weapon	T2	Passive	The blade becomes partially autonomous — it occasionally attacks (once per 2 turns) for a free auto-attack that deals 50% weapon damage and triggers lifesteal	NO	(none — theme fallback)	Random theme-generated ability	NOT MAPPED: Gets random theme ability that won't match design doc at all
2/10	Hexblade	Hungering Blade	Overfed	T3	Passive	When healed beyond max HP via lifesteal, gain a temporary HP buffer (overheal can accumulate up to 20% of max HP as a temporary shield)	NO	(none — theme fallback)	Random theme-generated ability	NOT MAPPED: Gets random theme ability that won't match design doc at all
2/10	Hexblade	Hungering Blade	Satiated Power	T4	Passive	When at maximum HP (or with full overheal buffer), all blade attacks deal 30% bonus damage from the well-fed, empowered state of the weapon	NO	(none — theme fallback)	Random theme-generated ability	NOT MAPPED: Gets random theme ability that won't match design doc at all
2/10	Hexblade	Curse Mark	Curse Reader	T1	Passive	You can see all active hexes on all enemies at a glance; hexes you apply have 20% longer duration	NO	(none — theme fallback)	Random theme-generated ability	NOT MAPPED: Gets random theme ability that won't match design doc at all
2/10	Hexblade	Curse Mark	Compound Curse	T2	Passive	Each additional hex applied to a target with 2+ existing hexes applies at 130% effectiveness; hexes compound on each other	NO	(none — theme fallback)	Random theme-generated ability	NOT MAPPED: Gets random theme ability that won't match design doc at all
2/10	Hexblade	Curse Mark	The Withering	T4	Passive	Enemies with 4+ hexes suffer The Withering — they take ongoing curse damage equal to 3% max HP per turn just from the weight of accumulated misfortune	NO	(none — theme fallback)	Random theme-generated ability	NOT MAPPED: Gets random theme ability that won't match design doc at all
2/10	Hexblade	Spectral Arsenal	Spectral Blade	T1	Summon	Summon 1 spectral blade that orbits you and attacks nearby enemies once per 1 turn; deals moderate damage and ignores physical armor	YES	summon_unit	summon a unit	Override summon_unit.hp=0 → needs custom system; Override summon_unit.turns=-1 (infinite duration) → needs custom handling
2/10	Hexblade	Spectral Arsenal	Ethereal Steel	T1	Passive	Spectral blades last indefinitely while you remain in combat; they are dismissed if you sheathe your real weapon or fall below 20% HP	NO	(none — theme fallback)	Random theme-generated ability	NOT MAPPED: Gets random theme ability that won't match design doc at all
2/10	Hexblade	Spectral Arsenal	Arsenal Expansion	T2	Summon	Summon 2 additional spectral blades (max 5 total orbiting blades); they orbit faster with more blades present	YES	summon_unit	summon a unit	Override summon_unit.hp=0 → needs custom system; Override summon_unit.turns=-1 (infinite duration) → needs custom handling
2/10	Hexblade	Spectral Arsenal	Ghost Lance	T3	Summon	Summon a unique spectral lance that fires a penetrating beam attack every 2 turns instead of a regular blade strike; the beam passes through all enemies in a line	YES	dmg_spell, summon_unit	spell/magic damage + summon a unit	Override summon_unit.hp=0 → needs custom system; Override summon_unit.turns=-1 (infinite duration) → needs custom handling
2/10	Hexblade	Spectral Arsenal	Spectral Bonding	T3	Passive	Each spectral blade heals you for 2 HP per attack it makes independently; a full arsenal of 5 blades passively sustains you through continuous spectral strikes	NO	(none — theme fallback)	Random theme-generated ability	NOT MAPPED: Gets random theme ability that won't match design doc at all
2/10	Ironbloom Warden	Thornwall	Thorn Coat	T1	Passive	Reflect 10% of melee damage taken back to attacker	NO	(none — theme fallback)	Random theme-generated ability	NOT MAPPED: Gets random theme ability that won't match design doc at all
2/10	Ironbloom Warden	Thornwall	Ironwood	T2	Passive	Barkskin now also grants +15% max HP while active	NO	(none — theme fallback)	Random theme-generated ability	NOT MAPPED: Gets random theme ability that won't match design doc at all
2/10	Ironbloom Warden	Thornwall	Briar Lash	T2	Reactive	When hit, 25% chance to root attacker for 1 turn	NO	(none — theme fallback)	Random theme-generated ability	NOT MAPPED: Gets random theme ability that won't match design doc at all
2/10	Ironbloom Warden	Thornwall	Living Fortress	T2	Passive	Gain +2% damage reduction per enemy targeting you (max 5)	NO	(none — theme fallback)	Random theme-generated ability	NOT MAPPED: Gets random theme ability that won't match design doc at all
2/10	Ironbloom Warden	Thornwall	Petrified Bark	T3	Passive	Below 30% HP, gain 50% damage reduction	NO	(none — theme fallback)	Random theme-generated ability	NOT MAPPED: Gets random theme ability that won't match design doc at all
2/10	Ironbloom Warden	Thornwall	Martyrwood	T4	Passive	20% of damage dealt to nearby allies is redirected to you. You heal for 5% of damage redirected.	NO	(none — theme fallback)	Random theme-generated ability	NOT MAPPED: Gets random theme ability that won't match design doc at all
2/10	Ironbloom Warden	Thornwall	Thorn King	T4	Passive	Thorn Coat reflection increased to 30%. Reflected damage now applies Bleed (DoT, 1 turn).	NO	(none — theme fallback)	Random theme-generated ability	NOT MAPPED: Gets random theme ability that won't match design doc at all
2/10	Ironbloom Warden	Overgrowth	Photosynthesis	T1	Passive	Regen 1% max HP per turn while not taking damage	NO	(none — theme fallback)	Random theme-generated ability	NOT MAPPED: Gets random theme ability that won't match design doc at all
2/10	Ironbloom Warden	Overgrowth	Seedling	T1	Summon	Plant a seedling that pulses minor heals in 2 hexes for 3 turns	YES	summon_unit, heal_hot	summon a unit + heal over time	Override summon_unit.hp=0 → needs custom system; Override heal_hot.healPerTurn=0 → needs custom system
2/10	Ironbloom Warden	Overgrowth	Deep Roots	T2	Passive	Rejuvenate now also grants +10% damage reduction	NO	(none — theme fallback)	Random theme-generated ability	NOT MAPPED: Gets random theme ability that won't match design doc at all
2/10	Ironbloom Warden	Overgrowth	Sap Blood	T2	Passive	15% of damage you deal heals you	NO	(none — theme fallback)	Random theme-generated ability	NOT MAPPED: Gets random theme ability that won't match design doc at all
2/10	Ironbloom Warden	Overgrowth	Regrowth	T3	Passive	When your HoTs overheal, store excess as a shield (max 20% HP)	NO	(none — theme fallback)	Random theme-generated ability	NOT MAPPED: Gets random theme ability that won't match design doc at all
2/10	Ironbloom Warden	Overgrowth	Symbiosis	T3	Passive	While near a Seedling, gain +15% to all healing done	NO	(none — theme fallback)	Random theme-generated ability	NOT MAPPED: Gets random theme ability that won't match design doc at all
2/10	Ironbloom Warden	Overgrowth	Ancient Growth	T4	Passive	Your HoTs can critically heal (2x) with 15% chance	NO	(none — theme fallback)	Random theme-generated ability	NOT MAPPED: Gets random theme ability that won't match design doc at all
2/10	Ironbloom Warden	Overgrowth	Gaia's Embrace	T5	Ultimate	for 4 turns, the entire battlefield becomes overgrown. All allies regen 5% max HP/s. All enemies are slowed 30%. Seedlings sprout automatically every 1 turn. 15 turns cooldown.	YES	heal_hot, debuff_stat, summon_unit, zone_persist	heal over time + stat debuff + summon a unit + persistent zone	Override summon_unit.hp=0 → needs custom system; Override heal_hot.healPerTurn=0 → needs custom system
2/10	Ironbloom Warden	Rot Herald	Fungal Growth	T1	Summon	Plant a fungal node that poisons enemies in 2 hexes radius	YES	summon_unit, zone_persist	summon a unit + persistent zone	Override summon_unit.hp=0 → needs custom system; Override summon_unit.turns=0 → needs custom system; Override zone_persist.turns=0 → needs custom system
2/10	Ironbloom Warden	Rot Herald	Toxic Skin	T1	Passive	Attackers gain a stack of Poison on melee hit	NO	(none — theme fallback)	Random theme-generated ability	NOT MAPPED: Gets random theme ability that won't match design doc at all
2/10	Ironbloom Warden	Rot Herald	Mycelium Net	T2	Passive	Fungal nodes link together. Enemies near any node are slowed 20%.	NO	(none — theme fallback)	Random theme-generated ability	NOT MAPPED: Gets random theme ability that won't match design doc at all
2/10	Ironbloom Warden	Rot Herald	Virulent Strain	T2	Passive	Poison deals 30% more damage	NO	(none — theme fallback)	Random theme-generated ability	NOT MAPPED: Gets random theme ability that won't match design doc at all
2/10	Ironbloom Warden	Rot Herald	Plague Garden	T3	Active	Plant 3 fungal nodes in a triangle. Zone inside deals constant poison damage and reduces healing by 40%.	YES	zone_persist, debuff_healReduce, summon_unit	persistent zone + healing reduction + summon a unit	Describes healing but no heal effect mapped; Override zone_persist.turns=0 → needs custom system; Override debuff_healReduce.turns=0 → needs custom system; Override summon_unit.hp=0 → needs custom system; Override summon_unit.turns=0 → needs custom system
2/10	Ironbloom Warden	Rot Herald	Necrotic Bloom	T3	Passive	Enemies that die while poisoned explode in a poison AoE	NO	(none — theme fallback)	Random theme-generated ability	NOT MAPPED: Gets random theme ability that won't match design doc at all
2/10	Ironbloom Warden	Rot Herald	Rot Aura	T4	Aura	Enemies within 3 hexes lose 2% max HP per turn	NO	(none — theme fallback)	Random theme-generated ability	NOT MAPPED: Gets random theme ability that won't match design doc at all
2/10	Monk	Iron Fist	Combo Mastery	T2	Passive	At 5 Combo Points, your next strike automatically triggers Combo Finisher; Finisher damage scales with points spent	NO	(none — theme fallback)	Random theme-generated ability	NOT MAPPED: Gets random theme ability that won't match design doc at all
2/10	Monk	Iron Fist	Steel Body	T3	Passive	Increase physical damage reduction by 15% while in Iron Stance; blocking a hit refunds 1 Combo Point	NO	(none — theme fallback)	Random theme-generated ability	NOT MAPPED: Gets random theme ability that won't match design doc at all
2/10	Monk	Flowing Water	Redirect	T1	Reactive	Catch and redirect a melee strike, pushing the attacker off balance and dealing 50% of their attack back as damage	NO	(none — theme fallback)	Random theme-generated ability	NOT MAPPED: Gets random theme ability that won't match design doc at all
2/10	Monk	Flowing Water	Flow Counter	T2	Reactive	After a successful dodge in Water Stance, automatically counter-attack for 120% of normal damage	NO	(none — theme fallback)	Random theme-generated ability	NOT MAPPED: Gets random theme ability that won't match design doc at all
2/10	Monk	Flowing Water	Like Water	T2	Passive	In Water Stance, CC effects have 30% reduced duration; each successful counter reduces the next incoming attack's damage by 10%	NO	(none — theme fallback)	Random theme-generated ability	NOT MAPPED: Gets random theme ability that won't match design doc at all
2/10	Monk	Flowing Water	Whirlpool Counter	T3	Reactive	Absorb an attack and spin with it, redirecting the enemy's force into a sweeping strike that hits all enemies around you for damage based on the absorbed attack's power	NO	(none — theme fallback)	Random theme-generated ability	NOT MAPPED: Gets random theme ability that won't match design doc at all
2/10	Monk	Flowing Water	Perfect Flow	T4	Passive	In Water Stance with 5 or more Counter Charges, your movement becomes frictionless — you cannot be slowed, knocked back, or rooted	NO	(none — theme fallback)	Random theme-generated ability	NOT MAPPED: Gets random theme ability that won't match design doc at all
2/10	Monk	Inner Fire	Ki Aura	T1	Aura	Radiate ki energy in a 2 hexes field; all enemies within take minor ki damage per turn and have their movement slightly slowed	NO	(none — theme fallback)	Random theme-generated ability	NOT MAPPED: Gets random theme ability that won't match design doc at all
2/10	Monk	Inner Fire	Ki Resonance	T3	Passive	Multiple ki hits on the same target within 2 turns create a resonance; the 4th hit triggers an automatic ki explosion on that target	NO	(none — theme fallback)	Random theme-generated ability	NOT MAPPED: Gets random theme ability that won't match design doc at all
2/10	Monk	Inner Fire	Transcendent Ki	T5	Transform	Achieve ki transcendence for 5 turns; your body becomes a living ki reactor — all ki attacks are free-cast and automatically chain to nearby enemies, your Ki Aura expands to 4 hexes and deals significant damage per turn, your melee strikes each release a ki bolt as bonus damage, and every 2 turns your ki overflows in a Spirit Bomb release that costs nothing; the transcendence ends with a final ki nova that deals massive damage to all enemies on the field	YES	transform_state, dmg_spell, buff_stat	transform (stat boost) + spell/magic damage + stat buff	References custom resource system (not yet implemented); Spread/chain mechanic not implemented
2/10	Necrosurgeon	Reanimator	Harvest Limb	T1	Utility	Extract a usable part (arm, leg, torso, head) from a fresh corpse; stored in your Kit.	NO	(none — theme fallback)	Random theme-generated ability	NOT MAPPED: Gets random theme ability that won't match design doc at all
2/10	Necrosurgeon	Reanimator	Crude Assembly	T1	Summon	Stitch together a basic Shambler from 2 parts; its stats depend on part quality.	YES	summon_unit	summon a unit	Override summon_unit.hp=0 → needs custom system; Override summon_unit.turns=-1 (infinite duration) → needs custom handling
2/10	Necrosurgeon	Reanimator	Field Suture	T1	Passive	Your assembled undead have +20% HP and do not degrade over time.	NO	(none — theme fallback)	Random theme-generated ability	NOT MAPPED: Gets random theme ability that won't match design doc at all
2/10	Necrosurgeon	Reanimator	Redundant Systems	T2	Passive	Your constructs have a 50% chance to survive a killing blow with 1 HP (once per construct).	NO	(none — theme fallback)	Random theme-generated ability	NOT MAPPED: Gets random theme ability that won't match design doc at all
2/10	Necrosurgeon	Reanimator	Composite Horror	T3	Summon	Assemble a large construct from 5 parts simultaneously; gains abilities from all sources.	YES	summon_unit	summon a unit	Override summon_unit.hp=0 → needs custom system; Override summon_unit.turns=-1 (infinite duration) → needs custom handling
2/10	Necrosurgeon	Reanimator	Part Catalog	T3	Passive	You can store up to 6 harvested parts; higher-tier enemies yield higher-quality parts.	NO	(none — theme fallback)	Random theme-generated ability	NOT MAPPED: Gets random theme ability that won't match design doc at all
2/10	Necrosurgeon	Reanimator	Mass Harvest	T4	Active	Simultaneously harvest one part from every corpse in a 4 hexes radius after a battle.	NO	(none — theme fallback)	Random theme-generated ability	NOT MAPPED: Gets random theme ability that won't match design doc at all
2/10	Necrosurgeon	Reanimator	Masterwork Abomination	T5	Summon	Spend 8 parts to assemble a Masterwork—a fully autonomous undead titan with combined abilities of all parts, self-repair, and an AoE slam that counts as your own attack for skill interaction purposes.	YES	summon_unit, dmg_multihit	summon a unit + multi-hit damage	Override summon_unit.hp=0 → needs custom system; Override summon_unit.turns=-1 (infinite duration) → needs custom handling
2/10	Necrosurgeon	Fleshcraft	Bone Plating	T1	Passive	Graft subdermal bone plates; gain +8% physical damage reduction permanently.	NO	(none — theme fallback)	Random theme-generated ability	NOT MAPPED: Gets random theme ability that won't match design doc at all
2/10	Necrosurgeon	Fleshcraft	Necrotic Fist	T1	Passive	Graft a reinforced knuckle; your unarmed/melee strikes deal bonus necrotic damage.	NO	(none — theme fallback)	Random theme-generated ability	NOT MAPPED: Gets random theme ability that won't match design doc at all
2/10	Necrosurgeon	Fleshcraft	Dead Nerve Cluster	T1	Passive	Graft pain-suppressing tissue; you are immune to pain-based CC (stagger, flinch).	NO	(none — theme fallback)	Random theme-generated ability	NOT MAPPED: Gets random theme ability that won't match design doc at all
2/10	Necrosurgeon	Fleshcraft	Muscle Splice	T2	Passive	Graft hypertrophied muscle tissue; increase carry weight and melee damage by 15%.	NO	(none — theme fallback)	Random theme-generated ability	NOT MAPPED: Gets random theme ability that won't match design doc at all
2/10	Necrosurgeon	Fleshcraft	Dead Man's Eyes	T3	Passive	Graft undead eyes that see life force; detect all living creatures through walls within 5 hexes.	NO	(none — theme fallback)	Random theme-generated ability	NOT MAPPED: Gets random theme ability that won't match design doc at all
2/10	Necrosurgeon	Fleshcraft	Reflex Nerve Web	T3	Passive	Graft a secondary nervous system; gain +20% dodge chance and reaction speed.	NO	(none — theme fallback)	Random theme-generated ability	NOT MAPPED: Gets random theme ability that won't match design doc at all
2/10	Necrosurgeon	Fleshcraft	Organ Reservoir	T3	Passive	Graft an extra organ cavity; store 2 additional active grafts beyond your normal limit.	NO	(none — theme fallback)	Random theme-generated ability	NOT MAPPED: Gets random theme ability that won't match design doc at all
2/10	Necrosurgeon	Fleshcraft	Adaptive Carapace	T4	Reactive	When you receive a new damage type for the first time in a fight, grow resistance to it (+15%) permanently until rest.	NO	(none — theme fallback)	Random theme-generated ability	NOT MAPPED: Gets random theme ability that won't match design doc at all
2/10	Necrosurgeon	Fleshcraft	The Masterwork Self	T5	Transform	Complete your self-modification: permanently become a Flesh Construct—retain intelligence and class abilities, gain immunity to disease, poison, and fear, regenerate 2% HP/s, and each graft slot now holds two grafts simultaneously.	YES	transform_state, buff_dmgReduce, heal_hot	transform (stat boost) + damage reduction + heal over time	Override transform_state.turns=-1 (infinite duration) → needs custom handling; Override transform_state.bonusPct=0 → needs custom system; Override heal_hot.turns=-1 (infinite duration) → needs custom handling
2/10	Necrosurgeon	Soul Harvest	Soul Snare	T1	Utility	On killing blow, passively capture a Soul Essence from the target (max 10 stored).	NO	(none — theme fallback)	Random theme-generated ability	NOT MAPPED: Gets random theme ability that won't match design doc at all
2/10	Necrosurgeon	Soul Harvest	Resonant Collection	T2	Passive	Boss and elite enemies yield 3 Essence on death instead of 1.	NO	(none — theme fallback)	Random theme-generated ability	NOT MAPPED: Gets random theme ability that won't match design doc at all
2/10	Necrosurgeon	Soul Harvest	Essence Overload	T3	Passive	When you hold 10 Essence, your next ability is automatically cast at 150% power.	NO	(none — theme fallback)	Random theme-generated ability	NOT MAPPED: Gets random theme ability that won't match design doc at all
2/10	Necrosurgeon	Soul Harvest	Grand Harvester	T4	Passive	All kills in a 4 hexes radius grant you Essence, not just your own killing blows.	NO	(none — theme fallback)	Random theme-generated ability	NOT MAPPED: Gets random theme ability that won't match design doc at all
2/10	Ranger	Dead Eye	Steady Breath	T1	Passive	Reduces projectile spread after standing still for 1 turn; stacks up to 3 times.	NO	(none — theme fallback)	Random theme-generated ability	NOT MAPPED: Gets random theme ability that won't match design doc at all
2/10	Ranger	Dead Eye	Vital Line	T2	Passive	Shots that strike within 10 degrees of a marked weak point deal bonus armor-piercing damage.	NO	(none — theme fallback)	Random theme-generated ability	NOT MAPPED: Gets random theme ability that won't match design doc at all
2/10	Ranger	Dead Eye	Headshot Protocol	T3	Passive	Critical hits against the head stagger the target and apply a 1 turn interrupt, canceling channeled abilities.	NO	(none — theme fallback)	Random theme-generated ability	NOT MAPPED: Gets random theme ability that won't match design doc at all
2/10	Ranger	Trapper	Marked Ground	T2	Passive	Enemies that trigger any of your traps are marked for 2 turns; your attacks against marked enemies deal +15% damage.	NO	(none — theme fallback)	Random theme-generated ability	NOT MAPPED: Gets random theme ability that won't match design doc at all
2/10	Ranger	Trapper	Chain Reaction	T3	Passive	When a trap triggers within 3 hexes of another trap, the second trap also fires immediately.	NO	(none — theme fallback)	Random theme-generated ability	NOT MAPPED: Gets random theme ability that won't match design doc at all
2/10	Ranger	Trapper	Phantom Traps	T4	Passive	All traps are now invisible until triggered; triggered traps leave a 1 turn lingering AoE that deals damage to nearby enemies.	NO	(none — theme fallback)	Random theme-generated ability	NOT MAPPED: Gets random theme ability that won't match design doc at all
2/10	Ranger	Beastmaster Archer	Pack Instinct	T1	Passive	When your pet is within 2 hexes of you, both you and the pet gain +10% attack rate.	NO	(none — theme fallback)	Random theme-generated ability	NOT MAPPED: Gets random theme ability that won't match design doc at all
2/10	Ranger	Beastmaster Archer	Shared Senses	T2	Passive	You gain your pet's scouting vision radius; your pet gains your marked-target awareness.	NO	(none — theme fallback)	Random theme-generated ability	NOT MAPPED: Gets random theme ability that won't match design doc at all
3/10	Berserker	Blood Fury	Hemorrhagic Frenzy	T3	Toggle	Toggle on: your attacks stack Hemorrhage on enemies (5 stacks = spontaneous rupture dealing massive damage) but you take 1% max HP per turn from sympathetic bleeding; the rupture damage scales with your missing HP.	YES	dot_bleed, dmg_weapon	bleed DoT + weapon damage	Stacking mechanic referenced but not implemented in executor
3/10	Berserker	Warpath	Chain Charge	T3	Movement	Charge at one target; on hit immediately charge the next nearest enemy within 3 hexes for 75% damage; continue chaining up to 3 times with diminishing range but stacking damage (+25% per chain); cannot hit the same target twice.	YES	disp_dash, dmg_multihit	dash/charge to target + multi-hit damage	Stacking mechanic referenced but not implemented in executor
3/10	Bladesinger	Spell Weave	Force Bolt Slash	T2	Active	Fire a force bolt then immediately dash forward to strike; counts as both spell and strike.	YES	dmg_spell, disp_dash, dmg_weapon	spell/magic damage + dash/charge to target + weapon damage	Override disp_dash.damageOnArrival=0 → needs custom system
3/10	Bladesinger	War Chant	Counterpoint	T2	Active	Briefly sing a second Chant simultaneously for 2 turns, stacking both aura effects.	YES	buff_stat	stat buff	Stacking mechanic referenced but not implemented in executor
3/10	Blood Alchemist	Sacrifice	The Final Offering	T5	Active	Sacrifice yourself to 1 HP; in exchange, unleash a catastrophic Blood Cataclysm in a 6 hexes radius dealing damage equal to 500% of total HP sacrificed across the fight, then instantly restore to 50% max HP if the cast kills at least one enemy.	YES	dmg_spell, heal_pctDmg	spell/magic damage + lifesteal (% of damage)	Describes HP self-cost but hpCost not implemented
3/10	Blood Alchemist	Hemomancy	Vascular Override	T4	Active	Permanently afflict a target with a passive Bleed that stacks once every time they attack; stacks indefinitely.	YES	dot_bleed	bleed DoT	Stacking mechanic referenced but not implemented in executor
3/10	Chronoweaver	Entropy	Rust Touch	T1	Attack	Melee hit applies Corrode: -5% armor for 2 turns, stacks 3x	YES	dmg_weapon, debuff_armor	weapon damage + armor reduction	Stacking mechanic referenced but not implemented in executor
3/10	Chronoweaver	Entropy	Pandemic	T4	Active	All DoTs on target spread to enemies within 4 hexes	YES	dot_poison	poison DoT	Spread/chain mechanic not implemented
3/10	Chronoweaver	Paradox	Rewind	T1	Heal	Restore self to HP/position from 1 turn ago, 5 turns cooldown	YES	heal_flat, disp_teleport	flat heal + teleport	Override heal_flat.amount=0 → needs custom system
3/10	Chronoweaver	Paradox	Fork Reality	T3	Active	Create a clone of yourself for 3 turns. It copies your attacks at 40% damage. If it dies, you take 20% of your max HP.	YES	summon_unit	summon a unit	Override summon_unit.hp=0 → needs custom system
3/10	Echo Dancer	Silence	Ghost Note	T3	Active	Leave a sound decoy at your position. Enemies target it for 2 turns. You gain stealth.	YES	buff_stealth, summon_unit, cc_taunt	stealth/invisibility + summon a unit + taunt (forced targeting)	Override summon_unit.hp=0 → needs custom system
3/10	Echo Dancer	Silence	The Unheard	T5	Ultimate	for 4 turns, you exist in perfect silence. Permanent stealth (not broken by attacks), all attacks from stealth, +50% damage, enemies cannot target you directly. 15 turns cooldown.	YES	buff_stealth, transform_state	stealth/invisibility + transform (stat boost)	Override buff_stealth.breakOnAttack=0 → needs custom system
3/10	Echo Dancer	Cacophony	Wall of Sound	T2	Active	Create a barrier of noise. Enemies crossing it are stunned 1 turn and take damage.	YES	zone_persist, cc_stun	persistent zone + stun	Override zone_persist.turns=0 → needs custom system
3/10	Echo Dancer	Cacophony	Brown Note	T4	Active	Target enemy flees in terror for 2 turns and takes DoT. Feared enemies spread fear to allies they pass. 8 turns CD.	YES	cc_fear, dot_burn	fear (flee) + burn DoT	Spread/chain mechanic not implemented
3/10	Hexblade	Hungering Blade	The Infinite Hunger	T5	Active	Surrender fully to the blade's hunger for 4 turns — the blade enters an absolute feeding state: all lifesteal is at 100% efficiency, Blood Feeding stacks gain at 3x speed, all kills restore 25% max HP, and the blade extends your melee range to 2 hexes as it reaches outward for more sustenance; when the state ends, the blade's permanent bonus is locked in at its current value	YES	buff_stat, lifesteal, dmg_weapon, transform_state	stat buff + lifesteal + weapon damage + transform (stat boost)	Stacking mechanic referenced but not implemented in executor
3/10	Hexblade	Curse Mark	Curse Explosion	T3	Active	Consume all hexes on a target simultaneously; deal burst damage equal to 20 per hex consumed and stun for 1 turn per hex consumed	YES	dmg_spell, cc_stun	spell/magic damage + stun	Per-stack/per-debuff scaling not implemented
3/10	Hexblade	Curse Mark	Grand Hex	T4	Active	Apply 3 hexes of your choice simultaneously as a single action; the combined curse deals immediate damage equal to 10 per hex applied	YES	dmg_spell, debuff_stat, debuff_vuln	spell/magic damage + stat debuff + vulnerability (bonus damage taken)	Per-stack/per-debuff scaling not implemented
3/10	Hexblade	Spectral Arsenal	Spectral Clone	T4	Summon	Summon a full spectral duplicate of your entire arsenal at a remote location for 3 turns; the duplicate fights independently at the target location while your primary arsenal continues fighting near you	YES	summon_unit	summon a unit	Override summon_unit.hp=0 → needs custom system
3/10	Hexblade	Spectral Arsenal	The Ghost Armory	T5	Active	for 4 turns, unlock the full Spectral Arsenal — summon 10 spectral blades simultaneously (double the normal max), they split into groups of 3 to independently hunt different targets, Blade Tornado's radius expands to 3 hexes and deals triple damage, and once per 1 turn a spectral greatsword manifests to deliver a powerful area cleave across the entire battlefield	YES	summon_unit, dmg_spell, transform_state	summon a unit + spell/magic damage + transform (stat boost)	Override summon_unit.hp=0 → needs custom system
3/10	Ironbloom Warden	Overgrowth	Rejuvenate	T1	Heal	HoT on self or ally, heals over 3 turns	YES	heal_hot	heal over time	Override heal_hot.healPerTurn=0 → needs custom system
3/10	Ironbloom Warden	Overgrowth	Verdant Tide	T3	Heal	AoE heal-over-time in 3 hexes radius, 3 turns duration	YES	heal_hot	heal over time	Override heal_hot.healPerTurn=0 → needs custom system
3/10	Ironbloom Warden	Overgrowth	Bloom Cascade	T4	Active	Consume all Seedlings. Each consumed heals all allies in its radius for a large burst. More seedlings = bigger heal.	YES	heal_flat	flat heal	Override heal_flat.amount=0 → needs custom system
3/10	Ironbloom Warden	Rot Herald	Decompose	T2	Active	Consume Poison stacks on target for burst damage	YES	dmg_execute	execute damage (bonus vs low HP)	Stacking mechanic referenced but not implemented in executor
3/10	Ironbloom Warden	Rot Herald	Cordyceps	T4	Debuff	Infect target. If they die within 3 turns, a fungal minion rises from their corpse for 4 turns.	YES	debuff_stat, summon_unit	stat debuff + summon a unit	Override summon_unit.hp=0 → needs custom system
3/10	Ironbloom Warden	Rot Herald	The Spreading	T5	Ultimate	Select a target. A fungal infection grows on them over 3 turns. At full growth, it detonates: lethal to non-bosses, 40% max HP to bosses. Infection spreads to nearby enemies at 50% progress on detonation. 15 turns cooldown.	YES	dmg_execute, dot_poison	execute damage (bonus vs low HP) + poison DoT	Spread/chain mechanic not implemented
3/10	Monk	Flowing Water	Ocean's Wrath	T5	Active	Enter a 4 turns state of absolute fluidity; all enemy attacks are automatically dodged and converted into Counter Charges, all Counter Charges are spent as immediate counter-strikes that deal the original attack's full damage back to the attacker, and you flow freely between all enemies in range using their own force to chain between targets — the more enemies attack, the more devastation you redirect	YES	transform_state, dmg_reflect, stance_counter	transform (stat boost) + reflect incoming damage + counter-attack stance	Override transform_state.bonusPct=0 → needs custom system
3/10	Necrosurgeon	Fleshcraft	Full Conversion	T4	Active	Temporarily suppress all living tissue; become Undead-type for 6 turns (immune to life-drain, mind effects, and poison).	YES	transform_state, buff_dmgReduce	transform (stat boost) + damage reduction	Override transform_state.bonusPct=0 → needs custom system
3/10	Necrosurgeon	Soul Harvest	Spectral Shell	T1	Buff	Spend 2 Essence to wrap yourself in soul-energy; absorb the next instance of damage.	YES	buff_shield	absorb shield	Override buff_shield.turns=-1 (infinite duration) → needs custom handling
3/10	Necrosurgeon	Soul Harvest	Spectral Minion	T3	Summon	Spend 4 Essence to manifest a soul as a temporary ghost fighter for 6 turns.	YES	summon_unit	summon a unit	Override summon_unit.hp=0 → needs custom system
3/10	Ranger	Trapper	Snare Trap	T1	Utility	Place a hidden root trap; triggers on enemy contact, rooting for 1 turn.	YES	trap_place, cc_root	place trap + root (immobilize)	Override trap_place.triggerDmg=0 → needs custom system
3/10	Ranger	Trapper	Tripwire	T1	Utility	A wire that triggers an audible click and reveals the tripping enemy's position for 2 turns.	YES	trap_place, debuff_stat	place trap + stat debuff	Override trap_place.triggerDmg=0 → needs custom system
3/10	Ranger	Trapper	Bait Pile	T1	Utility	Place a lure that pulls weak AI enemies toward it and distracts distracted players for 1 turn.	YES	trap_place, cc_taunt	place trap + taunt (forced targeting)	Override trap_place.triggerDmg=0 → needs custom system
3/10	Ranger	Trapper	Spike Pit	T2	Active	Dig a camouflaged 2x1 hex pit; enemies who step in are slowed 60% and take bleed damage per turn.	YES	trap_place, debuff_stat, dot_bleed	place trap + stat debuff + bleed DoT	Override trap_place.triggerDmg=0 → needs custom system
3/10	Ranger	Trapper	Corrosive Net	T3	CC	Launch a weighted net that ensnares the target, applying a stacking armor-reduction debuff every second while they struggle.	YES	cc_root, debuff_armor	root (immobilize) + armor reduction	Stacking mechanic referenced but not implemented in executor
3/10	Ranger	Beastmaster Archer	Arrow + Claw	T3	Active	Simultaneously fire a shot and direct a pet lunge at the same target; both hits apply a stacking vulnerability debuff.	YES	dmg_weapon, debuff_vuln	weapon damage + vulnerability (bonus damage taken)	Stacking mechanic referenced but not implemented in executor
4/10	Bladesinger	Sword Dance	Perfect Form	T4	Passive	Using Crescendo Strike at 20+ Rhythm resets all Sword Dance cooldowns instantly.	YES	buff_stat	stat buff	References custom resource system (not yet implemented); Cooldown manipulation described but not mapped
4/10	Monk	Iron Fist	Jab	T1	Attack	A fast light punch dealing low damage but generating 1 Combo Point; lowest cooldown of all strikes	YES	dmg_weapon	weapon damage	References custom resource system (not yet implemented); Cooldown manipulation described but not mapped
5/10	Berserker	Warpath	The Living Avalanche	T5	Transform	For 15 seconds, become a force of nature — your size increases by 30%, you gain complete immunity to all CC and physics effects, and every step you take deals AoE damage in a 1 hex radius; charge cooldowns become 1 second; each charge deals 300% weapon damage and travels through obstacles; enemies killed by charges explode dealing 100% of their max HP as physical damage to nearby survivors; the battlefield itself trembles — terrain features crack and collapse under your passage.	YES	transform_state, dmg_weapon, buff_stat	transform (stat boost) + weapon damage + stat buff	Cooldown manipulation described but not mapped
5/10	Berserker	Primal Howl	Crushing Dominance	T3	Debuff	Target one enemy and psychologically crush them for 10 seconds; they cannot use morale-based or bravery-requiring skills (charges, big cooldowns), attack with -25% effectiveness, and suffer 30% increased damage from you.	YES	debuff_stat, debuff_vuln, cc_silence	stat debuff + vulnerability (bonus damage taken) + silence (no abilities)	Cooldown manipulation described but not mapped
5/10	Berserker	Primal Howl	Apex Predator	T5	Transform	For 15 seconds become the embodiment of primal terror — your Primal Presence aura fills the entire battlefield; all enemies permanently suffer -30% to all stats, cannot use morale-requiring abilities, and have a 25% chance to flinch (interrupt their own attacks) per hit they make; enemies who die while under your Apex Predator aura cannot be resurrected or rallied; your own allies gain +50% damage from witnessing your supremacy; when the form ends, release a final apocalyptic howl that resets all fear cooldowns and fears every surviving enemy for 3 seconds.	YES	transform_state, debuff_stat, cc_silence, cc_fear	transform (stat boost) + stat debuff + silence (no abilities) + fear (flee)	Cooldown manipulation described but not mapped
5/10	Blood Alchemist	Sacrifice	Exsanguinate	T4	Active	Spend 40% max HP; reduce all active cooldowns to 0 instantly.	YES	res_apRefund	AP refund	Cooldown manipulation described but not mapped
5/10	Blood Alchemist	Transfusion	Sanguine Transfusion	T2	Active	Transfer up to 25% of your own HP to a target ally as healing; no cooldown but shares your HP pool.	YES	heal_flat	flat heal	Cooldown manipulation described but not mapped
5/10	Chronoweaver	Accelerant	Quicken	T1	Buff	Haste self for 2 turns, +30% action rate	YES	buff_stat	stat buff	Haste/action rate approximated as initiative buff (imprecise)
5/10	Chronoweaver	Accelerant	Overclock	T3	Buff	Double action rate for 1 turn, then 1 turn self-stun	YES	buff_stat, cc_stun	stat buff + stun	Haste/action rate approximated as initiative buff (imprecise)
5/10	Chronoweaver	Accelerant	Temporal Surge	T4	Ultimate	Party-wide haste, +50% speed for 3 turns, 10 turns cooldown	YES	buff_stat	stat buff	Haste/action rate approximated as initiative buff (imprecise)
5/10	Echo Dancer	Silence	Void Frequency	T3	Debuff	Target's cooldowns are frozen for 2 turns (cannot recover)	YES	cc_silence	silence (no abilities)	Cooldown manipulation described but not mapped
5/10	Ironbloom Warden	Thornwall	World Tree	T5	Ultimate	for 3 turns, you become immobile and massive. +80% damage reduction, all allies within 4 hexes gain +30% DR, and attackers take massive thorn damage. 15 turns cooldown.	YES	buff_dmgReduce, dmg_reflect, transform_state	damage reduction + reflect incoming damage + transform (stat boost)	Describes root/immobilize but cc_root not mapped
5/10	Monk	Flowing Water	Step Aside	T1	Movement	Dodge an incoming attack by stepping 1 hex to the side; the dodge generates no cooldown and costs only stamina	YES	buff_stat	stat buff	Cooldown manipulation described but not mapped
5/10	Ranger	Trapper	Prepared Ground	T3	Buff	Activate to instantly recall all placed traps, refund 50% of their cooldowns, and reset your trap limit counter.	YES	res_apRefund	AP refund	Cooldown manipulation described but not mapped
5/10	Ranger	Beastmaster Archer	Heal Companion	T2	Heal	Channel for 1 turn to restore 40% of your pet's max HP; reduces pet cooldown timers by 1 turn.	YES	heal_flat	flat heal	Cooldown manipulation described but not mapped
6/10	Bladesinger	Sword Dance	Opening Step	T1	Attack	A quick strike that initiates your combo chain; generates 1 Rhythm.	YES	dmg_weapon	weapon damage	References custom resource system (not yet implemented)
6/10	Bladesinger	Sword Dance	Flowing Cut	T1	Attack	Follow-up strike dealing 120% damage; generates 2 Rhythm if used after Opening Step.	YES	dmg_weapon	weapon damage	References custom resource system (not yet implemented)
6/10	Bladesinger	Sword Dance	Pivot Slash	T1	Attack	Spinning strike hitting all enemies in a 180-degree arc; generates 1 Rhythm per enemy hit.	YES	dmg_weapon	weapon damage	References custom resource system (not yet implemented)
6/10	Bladesinger	Sword Dance	Rising Flourish	T2	Attack	Launch an enemy upward; generates 3 Rhythm and enables aerial follow-up combos.	YES	dmg_weapon, cc_stun	weapon damage + stun	References custom resource system (not yet implemented)
6/10	Bladesinger	Sword Dance	Blade Waltz	T3	Stance	Enter a flow state; for 3 turns every attack automatically chains to the next optimal combo hit.	YES	buff_stat	stat buff	References custom resource system (not yet implemented)
6/10	Bladesinger	Spell Weave	Runic Barrage	T3	Active	Unleash 4 rapid magical slashes that each count as alternating strike/spell for Resonance.	YES	dmg_multihit	multi-hit damage	References custom resource system (not yet implemented)
6/10	Bladesinger	Spell Weave	Resonance Overflow	T4	Active	Expend Resonance to fire a beam of condensed spell-strike energy; pierces all targets in a line.	YES	dmg_spell	spell/magic damage	References custom resource system (not yet implemented)
6/10	Bladesinger	Spell Weave	Grand Synthesis	T5	Active	Release all accumulated Resonance in a single perfect strike that simultaneously detonates as a nova spell—deals damage in both melee and 4 hexes AoE, with each domain amplified by the number of perfectly-woven actions taken since last use.	YES	dmg_weapon, dmg_spell	weapon damage + spell/magic damage	References custom resource system (not yet implemented)
6/10	Chronoweaver	Entropy	Sap Vitality	T1	Debuff	Target heals 30% less for 3 turns	YES	debuff_healReduce	healing reduction	Describes healing but no heal effect mapped
6/10	Chronoweaver	Paradox	Grandfather	T4	Active	Erase an enemy's last action (undo their last attack, heal, or buff). 8 turns cooldown.	YES	debuff_stat	stat debuff	Describes healing but no heal effect mapped
6/10	Monk	Iron Fist	Cross	T1	Attack	A straight powerful punch dealing moderate damage and generating 2 Combo Points	YES	dmg_weapon	weapon damage	References custom resource system (not yet implemented)
6/10	Monk	Iron Fist	Rising Uppercut	T2	Attack	A rising strike that launches the target slightly airborne for 1 turn, dealing good damage and generating 3 Combo Points	YES	dmg_weapon, cc_stun	weapon damage + stun	References custom resource system (not yet implemented)
6/10	Monk	Iron Fist	Hundred Fists	T3	Attack	Spend 4 Combo Points to deliver a 10-hit flurry in 1 turn, each hit dealing moderate damage	YES	dmg_multihit	multi-hit damage	References custom resource system (not yet implemented)
6/10	Monk	Iron Fist	Armor Crack	T3	Attack	Spend 3 Combo Points for a precise strike that reduces the target's physical armor by 25% for 4 turns	YES	dmg_weapon, debuff_armor	weapon damage + armor reduction	References custom resource system (not yet implemented)
6/10	Monk	Iron Fist	Dragon's Fist	T4	Attack	Spend all Combo Points to deliver a single catastrophic blow dealing damage multiplied by Combo Points spent (max 10x)	YES	dmg_weapon	weapon damage	References custom resource system (not yet implemented)
6/10	Monk	Iron Fist	Perfect Form	T4	Buff	Enter perfect iron form for 4 turns; all attacks generate double Combo Points and Finisher damage is increased by 50%	YES	buff_stat	stat buff	References custom resource system (not yet implemented)
6/10	Monk	Iron Fist	Thousand Strike Technique	T5	Active	Channel your life's training into a 2 turns burst of absolute striking mastery; you execute 30 perfectly placed strikes in sequence against up to 3 targets, each hit generating Combo Points that are immediately spent on Finishers, creating a chain of Finishers that deals cascading damage, and culminating in a single Dragon's Fist using all accumulated points simultaneously	YES	dmg_multihit, dmg_weapon	multi-hit damage + weapon damage	References custom resource system (not yet implemented)
6/10	Monk	Flowing Water	Current Strike	T3	Attack	Spend 3 Counter Charges to release them in a rapid fluid combo that hits the target 5 times with perfect precision	YES	dmg_multihit	multi-hit damage	References custom resource system (not yet implemented)
6/10	Monk	Inner Fire	Ki Bolt	T1	Attack	Project a focused bolt of ki energy at a target, dealing moderate damage at range	YES	dmg_spell	spell/magic damage	References custom resource system (not yet implemented)
6/10	Monk	Inner Fire	Focus	T1	Active	Spend 1 turn in meditation to fully restore your Ki Gauge and gain a brief +20% ki damage bonus	YES	buff_stat	stat buff	Describes healing but no heal effect mapped; References custom resource system (not yet implemented)
6/10	Monk	Inner Fire	Ki Blast	T2	Attack	Release a larger ki projectile dealing heavy damage to a single target at range	YES	dmg_spell	spell/magic damage	References custom resource system (not yet implemented)
6/10	Monk	Inner Fire	Inner Flame	T2	Buff	Ignite your ki into a visible flame; for 4 turns all ki attacks deal bonus fire damage and your melee strikes burn the target	YES	buff_stat, dot_burn	stat buff + burn DoT	References custom resource system (not yet implemented)
6/10	Monk	Inner Fire	Wave of Force	T2	Attack	Release a forward ki wave hitting all enemies in a 3 hexes line for moderate damage and pushing them back 1 hex	YES	dmg_spell, disp_push	spell/magic damage + push target	References custom resource system (not yet implemented)
6/10	Monk	Inner Fire	Ki Explosion	T3	Active	Concentrate ki to a point on an enemy then detonate it for heavy AoE damage in a 2 hexes radius	YES	dmg_spell	spell/magic damage	References custom resource system (not yet implemented)
6/10	Monk	Inner Fire	Focused Beam	T3	Channel	Channel a continuous ki beam for up to 2 turns, dealing escalating damage each second it connects to the same target	YES	channel_dmg	channeled damage	References custom resource system (not yet implemented)
6/10	Monk	Inner Fire	Spirit Bomb	T4	Channel	Charge for 2 turns to gather ki from your surroundings then release a massive ki sphere dealing catastrophic damage in a 4 hexes radius	YES	channel_dmg	channeled damage	References custom resource system (not yet implemented)
6/10	Monk	Inner Fire	Inner Supernova	T4	Active	Release all ki energy in an omnidirectional burst from your body, dealing heavy AoE damage to all enemies within 4 hexes and launching them outward	YES	dmg_spell, disp_push	spell/magic damage + push target	References custom resource system (not yet implemented)
6/10	Ranger	Dead Eye	Mark Target	T1	Active	Paint an enemy; your next shot against them deals +20% damage and reveals their health bar.	YES	debuff_vuln	vulnerability (bonus damage taken)	Describes healing but no heal effect mapped
6/10	Ranger	Dead Eye	Cold Calculation	T3	Buff	After standing still for 1 turn, next shot is guaranteed critical and ignores dodge/evasion rolls.	YES	buff_stat	stat buff	Describes evasion but buff_stat targets 'critChance' not 'dodge'
7/10	Berserker	Blood Fury	Wound Pride	T1	Attack	Slash yourself for 5% of max HP to enter a frenzied state for 3 seconds where all your attacks deal bonus bleed damage equal to 50% of your self-inflicted wound.	YES	dot_bleed, buff_stat	bleed DoT + stat buff	OK
7/10	Berserker	Blood Fury	Berserker's Bargain	T2	Active	Reduce your own max HP by 15% permanently for this combat; in exchange, immediately gain 30% damage increase and 20% attack rate that also scales with Bloodletting.	YES	buff_stat	stat buff	OK
7/10	Berserker	Warpath	Bull Rush	T1	Movement	Charge forward in a straight line up to 3 hexes; deal moderate damage to the first enemy hit and knock them back 1 hex.	YES	disp_dash, disp_push	dash/charge to target + push target	OK
7/10	Berserker	Warpath	Warpath Stride	T3	Stance	Enter Warpath Stance: you cannot be stopped, slowed, or knocked back while moving; all movement-based attacks deal 40% bonus damage; attacks you make while moving gain cleave range (hit 1 hex wider arc); lasts until you stop moving for 2 seconds.	YES	buff_stat, buff_dmgReduce	stat buff + damage reduction	OK
7/10	Berserker	Primal Howl	Battle Cry	T1	Active	Unleash a terrifying war cry in a 2 hexes radius; enemies with low morale flee for 2 seconds (fear), all others suffer -15% attack damage for 5 seconds from intimidation.	YES	cc_fear, debuff_stat	fear (flee) + stat debuff	OK
7/10	Berserker	Primal Howl	Taunt	T1	CC	Single-target intimidation that forces one enemy to attack only you for 4 seconds; while taunted, the enemy attacks with -20% effectiveness.	YES	cc_taunt, debuff_stat	taunt (forced targeting) + stat debuff	OK
7/10	Berserker	Primal Howl	War God's Roar	T4	Active	Release a thunderous roar that simultaneously fears ALL enemies on the battlefield for 2 seconds and buffs ALL allies with +25% damage and immunity to fear for 8 seconds; the roar is so powerful it briefly shakes the terrain, knocking flying or jumping enemies out of the air.	YES	cc_fear, buff_stat	fear (flee) + stat buff	OK
7/10	Blood Alchemist	Sacrifice	Sanguine Pact	T3	Toggle	Toggle on to continuously lose 2% HP/s in exchange for +30% damage and +20% cast rate.	YES	buff_stat	stat buff	OK
7/10	Blood Alchemist	Hemomancy	Clot	T1	Debuff	Thicken a target's blood; reduce their movement by 30% and attack rate by 15% for 3 turns.	YES	debuff_stat, debuff_stat	stat debuff + stat debuff	OK
7/10	Blood Alchemist	Hemomancy	Blood Lock	T2	CC	Crystallize a target's blood; root them in place for 2 turns and increase their damage taken by 20%.	YES	cc_root, debuff_vuln	root (immobilize) + vulnerability (bonus damage taken)	OK
7/10	Blood Alchemist	Hemomancy	Boil	T2	Debuff	Rapidly heat a target's blood; they take 5% max HP as fire damage per turn and lose 10% armor for 3 turns.	YES	dot_burn, debuff_armor	burn DoT + armor reduction	OK
7/10	Blood Alchemist	Hemomancy	Blood Tether	T3	Active	Link two enemies; any damage one receives is split 50/50 with the tethered partner for 3 turns.	YES	debuff_vuln	vulnerability (bonus damage taken)	OK
7/10	Blood Alchemist	Hemomancy	Sanguine Dominion	T5	Active	for 5 turns, assume passive hemomantic control over all bleeding enemies in a 6 hexes radius—they deal 50% reduced damage, move at 60% speed, and once per 2 turns you may force any one of them to attack a nearby ally of their own accord; cannot be cleansed.	YES	debuff_stat, debuff_stat, cc_charm	stat debuff + stat debuff + charm (switch sides)	OK
7/10	Blood Alchemist	Transfusion	Life Draw	T1	Heal	Drain 8% HP from a target and transfer it to yourself or a chosen ally.	YES	dmg_spell, heal_pctDmg	spell/magic damage + lifesteal (% of damage)	OK
7/10	Blood Alchemist	Transfusion	Hemorrhage Harvest	T2	Active	Draw from an enemy's Bleed; convert their DoT damage into healing for you or an ally.	YES	heal_pctDmg	lifesteal (% of damage)	OK
7/10	Blood Alchemist	Transfusion	Vital Lattice	T2	Buff	Create a blood web connecting 3 allies; whenever one takes damage, it's shared equally among all three for 4 turns.	YES	buff_dmgReduce	damage reduction	OK
7/10	Blood Alchemist	Transfusion	Soul Leak	T3	Active	Drain 15% HP from all enemies in a 3 hexes radius; evenly distribute the total among all allies.	YES	dmg_spell, heal_pctDmg	spell/magic damage + lifesteal (% of damage)	OK
7/10	Blood Alchemist	Transfusion	The Eternal Circuit	T5	Channel	Channel for 1 turn to create a 6 turns blood circuit linking all allies: damage dealt to any member is redistributed evenly among all; healing any one member heals all by 50% of the amount; and any Bleed effect applied to you is reflected in full to the enemy who applied it.	YES	buff_dmgReduce, heal_pctDmg, dmg_reflect	damage reduction + lifesteal (% of damage) + reflect incoming damage	OK
7/10	Chronoweaver	Paradox	Causal Loop	T2	Debuff	Target takes damage equal to damage they deal for 2 turns	YES	dmg_reflect	reflect incoming damage	OK
7/10	Echo Dancer	Silence	Sound Eater	T1	Stealth	Enter stealth for 2 turns. Broken by attacking. 4 turns cooldown.	YES	buff_stealth	stealth/invisibility	OK
7/10	Echo Dancer	Cacophony	Noise Complaint	T3	Active	Massive 4 hexes AoE. All enemies Disoriented for 2 turns. Disoriented enemies that attack have 30% chance to hit an ally instead.	YES	debuff_stat, cc_charm	stat debuff + charm (switch sides)	OK
7/10	Hexblade	Hungering Blade	Blade Hunger	T2	Active	Activate the blade's feeding frenzy for 2 turns; all lifesteal is doubled and each strike heals for a bonus equal to 2% of target's max HP regardless of damage dealt	YES	buff_stat, lifesteal	stat buff + lifesteal	OK
7/10	Hexblade	Hungering Blade	Soul Drink	T3	Attack	On kill, perform a soul drain — restore 15% of your max HP instantly from the departing soul; can only trigger on the killing blow	YES	dmg_weapon, heal_pctDmg	weapon damage + lifesteal (% of damage)	OK
7/10	Hexblade	Hungering Blade	Feast Mode	T4	Active	The blade demands a feast; for 3 turns all damage you deal is converted to 100% lifesteal (you heal instead of dealing direct damage — but the healing is enormous and the targets still take damage); 10 turns cooldown	YES	lifesteal	lifesteal	OK
7/10	Hexblade	Curse Mark	Hex: Weakness	T1	Debuff	Brand a Weakness hex on target; reduce their physical damage output by 15% for 3 turns	YES	debuff_stat	stat debuff	OK
7/10	Hexblade	Curse Mark	Hex: Vulnerability	T2	Debuff	Brand a Vulnerability hex; target takes 20% more damage from all sources for 3 turns	YES	debuff_vuln	vulnerability (bonus damage taken)	OK
7/10	Hexblade	Curse Mark	Hex: Misfortune	T2	Debuff	Brand a Misfortune hex; target has 25% chance for any ability they use to have a random negative side effect (miss, deal less damage, affect themselves)	YES	debuff_stat	stat debuff	OK
7/10	Hexblade	Spectral Arsenal	Shield Formation	T2	Active	Command spectral blades to defensive formation for 2 turns; they intercept incoming attacks (absorb up to 3 hits total before returning to offense)	YES	buff_shield	absorb shield	OK
7/10	Hexblade	Spectral Arsenal	Haunted Volley	T3	Active	Launch all spectral blades outward in different directions simultaneously; each blade passes through all enemies in its path before circling back — AoE coverage	YES	dmg_multihit	multi-hit damage	OK
7/10	Hexblade	Spectral Arsenal	Blade Tornado	T4	Active	Command all spectral blades to begin spinning rapidly around you for 2 turns; any enemy who comes within 2 hexes takes continuous spectral damage from the whirling barrier	YES	zone_persist, buff_dmgReduce	persistent zone + damage reduction	OK
7/10	Ironbloom Warden	Thornwall	Barkskin	T1	Buff	+20% damage reduction for 2 turns	YES	buff_dmgReduce	damage reduction	OK
7/10	Ironbloom Warden	Thornwall	Root Stance	T1	Stance	Immobile but +30% damage reduction, +threat generation	YES	buff_dmgReduce, debuff_stat, cc_taunt	damage reduction + stat debuff + taunt (forced targeting)	OK
7/10	Ironbloom Warden	Thornwall	Entangling Wall	T3	Active	Summon a line of thorns (3 hexes). Enemies crossing take damage and are slowed 50% for 1 turn.	YES	zone_persist, debuff_stat	persistent zone + stat debuff	OK
7/10	Monk	Iron Fist	Iron Stance	T1	Stance	Enter Iron Stance; all strike damage is increased by 10% but movement is reduced by 10%	YES	buff_stat, debuff_stat	stat buff + stat debuff	OK
7/10	Monk	Flowing Water	Fluid Step	T2	Movement	Chain up to 3 quick directional steps in rapid succession, evading multiple attacks in sequence	YES	buff_stat	stat buff	OK
7/10	Monk	Flowing Water	Still Water	T3	Active	Become perfectly still for 1 turn; all attacks aimed at you during this time generate maximum Counter Charges but deal only 30% damage	YES	buff_dmgReduce, stance_counter	damage reduction + counter-attack stance	OK
7/10	Necrosurgeon	Reanimator	Specialist Graft	T2	Active	Attach a harvested arm to your construct, granting it a ranged attack or grab ability.	YES	buff_stat	stat buff	OK
7/10	Necrosurgeon	Soul Harvest	Soul Tap	T2	Active	Drain 3 Essence from a weakened (below 25% HP) living target without killing them.	YES	dmg_spell	spell/magic damage	OK
7/10	Necrosurgeon	Soul Harvest	Essence Infusion	T2	Active	Spend 3 Essence to empower a construct; it gains +30% damage and AoE for 5 turns.	YES	buff_stat	stat buff	OK
7/10	Ranger	Dead Eye	Flint Nock	T1	Attack	A fast standard shot with no windup, establishing baseline ranged DPS.	YES	dmg_weapon	weapon damage	OK
7/10	Ranger	Dead Eye	Tungsten Tip	T2	Attack	A single heavy shot that ignores 30% of armor; longer draw time required.	YES	dmg_weapon, debuff_armor	weapon damage + armor reduction	OK
7/10	Ranger	Dead Eye	Killzone	T3	Utility	Designate a 2 hexes radius area; all shots fired into it gain +25% damage for 3 turns.	YES	zone_persist	persistent zone	OK
7/10	Ranger	Dead Eye	Sniper's Patience	T4	Channel	Hold to charge for up to 1 turn; release for a shot scaling 100-350% damage based on charge, piercing one enemy.	YES	channel_dmg	channeled damage	OK
7/10	Ranger	Trapper	Killbox Setup	T4	Active	Place three linked traps simultaneously in a triangular formation; any enemy entering the triangle triggers all three at once.	YES	trap_place, dmg_weapon, cc_root	place trap + weapon damage + root (immobilize)	OK
7/10	Ranger	Beastmaster Archer	Alpha Call	T3	Buff	Let out a rallying call; your pet grows 20% larger, gains bonus HP, and deals 40% more damage for 3 turns.	YES	buff_stat	stat buff	OK
7/10	Ranger	Beastmaster Archer	Scatter Drive	T3	Active	Your pet herds enemies toward you while you volley shots into the cluster; applies a 1 turn slow to all enemies caught in between.	YES	dmg_weapon, debuff_stat, disp_pull	weapon damage + stat debuff + pull target toward you	OK
7/10	Ranger	Beastmaster Archer	Primal Pact	T4	Toggle	Enter a merged-senses state: your pet mirrors your movement direction and automatically attacks your attack target; both of you deal 20% more damage.	YES	buff_stat	stat buff	OK
7/10	Ranger	Beastmaster Archer	Wild Volley	T4	Channel	Channel for 1 turn while your pet pins the target; release for a 5-arrow fan, each arrow homing slightly toward the pinned enemy.	YES	dmg_multihit, cc_root	multi-hit damage + root (immobilize)	OK
7/10	Ranger	Beastmaster Archer	Hunt as One	T5	Transform	for 4 turns, you and your pet share a single HP pool (combined), gain shared speed boosts, and every arrow fired summons a spectral duplicate of your pet that also attacks the target. On expiry, split HP is redistributed. 10 turns cooldown.	YES	transform_state, buff_stat, summon_unit	transform (stat boost) + stat buff + summon a unit	OK
8/10	Berserker	Primal Howl	Howl of Terror	T2	Active	A piercing primal howl that travels 4 hexes; all enemies in range must make a morale check — weaker enemies flee for 4 seconds, mid-tier enemies are stunned for 1.5 seconds, strong enemies suffer -20% to all stats for 6 seconds.	YES	cc_fear, cc_stun, debuff_stat	fear (flee) + stun + stat debuff	OK
8/10	Bladesinger	War Chant	Harmonic Chorus	T3	Active	Broadcast your current Chant at double radius and double potency for 3 turns.	YES	buff_stat	stat buff	OK
8/10	Bladesinger	War Chant	Discordant Note	T3	Active	Interrupt an enemy's spell or ability by singing a jarring tone; 5 turns cooldown.	YES	cc_silence	silence (no abilities)	OK
8/10	Bladesinger	War Chant	Symphony of War	T4	Active	Cycle through all three Chants in rapid succession; each plays for 1 turn in a 4 turns loop automatically.	YES	buff_stat	stat buff	OK
8/10	Blood Alchemist	Sacrifice	Vital Surge	T2	Active	Spend 20% max HP to instantly cast your next ability at double power with no cast time.	YES	buff_stat	stat buff	OK
8/10	Blood Alchemist	Hemomancy	Hemorrhage	T1	Debuff	Induce internal bleeding; apply a Bleed DoT dealing 3% max HP per turn for 2 turns.	YES	dot_bleed	bleed DoT	OK
8/10	Blood Alchemist	Hemomancy	Full Puppet	T3	CC	Assume full control of a non-boss enemy for 2 turns; use them as a player-controlled pawn.	YES	cc_charm	charm (switch sides)	OK
8/10	Blood Alchemist	Transfusion	Clot Seal	T1	Heal	Seal a wound instantly; stop all Bleed effects on an ally and restore 5% of their max HP.	YES	heal_flat	flat heal	OK
8/10	Blood Alchemist	Transfusion	Mass Transfusion	T4	Active	Simultaneously apply Sanguine Transfusion to all allies in a 4 hexes radius; each receives 10% of your HP as healing.	YES	heal_flat	flat heal	OK
8/10	Chronoweaver	Accelerant	Blink Step	T1	Movement	Short-range teleport, 3 turns cooldown	YES	disp_teleport	teleport	OK
8/10	Chronoweaver	Accelerant	Shared Haste	T2	Buff	Quicken now also affects nearest ally	YES	buff_stat	stat buff	OK
8/10	Chronoweaver	Accelerant	Infinite Loop	T5	Ultimate	for 2 turns, every action you take is repeated once for free 15 turns cooldown. Does not copy other Legendaries.	YES	transform_state	transform (stat boost)	OK
8/10	Chronoweaver	Entropy	Entropic Field	T3	AoE	3 hexes zone: all enemies inside gain Decay, lasts 2 turns	YES	zone_persist	persistent zone	OK
8/10	Chronoweaver	Entropy	Crumble	T3	Attack	Destroy 50% of target's remaining armor (6 turns cooldown)	YES	debuff_armor	armor reduction	OK
8/10	Chronoweaver	Paradox	Deja Vu	T1	Debuff	Target repeats their last action involuntarily	YES	cc_stun	stun	OK
8/10	Chronoweaver	Paradox	Stutter	T1	CC	Freeze target in time for 1 turn (stun)	YES	cc_stun	stun	OK
8/10	Chronoweaver	Paradox	Echo Cast	T2	Active	Repeat your last-used skill at 60% power, no cost	YES	res_apRefund	AP refund	OK
8/10	Echo Dancer	Silence	Muffle	T1	Debuff	Silence target for 1 turn (no abilities)	YES	cc_silence	silence (no abilities)	OK
8/10	Echo Dancer	Silence	Dead Air	T2	Debuff	Create a 2 hexes zone of silence. Enemies inside cannot cast abilities for 2 turns.	YES	zone_persist, cc_silence	persistent zone + silence (no abilities)	OK
8/10	Echo Dancer	Silence	Total Silence	T4	Active	4 hexes radius: all enemies silenced for 2 turns, all allies gain stealth for 2 turns. 8 turns cooldown.	YES	cc_silence, buff_stealth	silence (no abilities) + stealth/invisibility	OK
8/10	Echo Dancer	Cacophony	Tinnitus	T1	Debuff	Target has 20% miss chance for 2 turns	YES	debuff_stat	stat debuff	OK
8/10	Hexblade	Curse Mark	Hex: Slowmark	T1	Debuff	Brand a Slowmark hex on target; reduce their movement by 30% for 3 turns	YES	debuff_stat	stat debuff	OK
8/10	Hexblade	Curse Mark	Hex: Ruin	T3	Debuff	Brand a Ruin hex; reduce all of target's stats by 15% for 3 turns (comprehensive debilitation)	YES	debuff_stat, debuff_vuln	stat debuff + vulnerability (bonus damage taken)	OK
8/10	Hexblade	Curse Mark	Hex: Unraveling	T3	Debuff	Brand an Unraveling hex; the target's max HP decreases by 2% per turn for 2 turns as the curse degrades their vitality ceiling	YES	dot_poison	poison DoT	OK
8/10	Hexblade	Curse Mark	Absolute Curse	T5	Active	Brand target with the ultimate curse — apply all 6 hex types simultaneously, all at double potency, and for 3 turns any hex that expires immediately reapplies at half potency automatically; the target is a walking catastrophe of layered misfortune for the encounter	YES	debuff_stat, debuff_vuln, dot_poison, cc_daze	stat debuff + vulnerability (bonus damage taken) + poison DoT + daze (AP reduction)	OK
8/10	Ironbloom Warden	Overgrowth	Overgrowth	T2	Active	Instantly grow all active Seedlings, doubling their radius and healing	YES	heal_pctDmg	lifesteal (% of damage)	OK
8/10	Ironbloom Warden	Rot Herald	Parasitic Vine	T3	Attack	Latch onto target. Drains HP from them to you over 2 turns. Breaks if you move too far.	YES	channel_dmg, lifesteal	channeled damage + lifesteal	OK
8/10	Monk	Flowing Water	Water Stance	T1	Stance	Enter Water Stance; gain +20% dodge chance and all successful dodges generate a Counter Charge	YES	buff_stat	stat buff	OK
8/10	Necrosurgeon	Reanimator	Head Transplant	T2	Active	Replace your construct's head with a harvested one; grants it a unique passive aura.	YES	buff_stat	stat buff	OK
8/10	Necrosurgeon	Reanimator	Surgical Upgrade	T3	Active	Spend 3 turns operating on an existing construct to restore 50% HP and upgrade one of its parts.	YES	heal_flat, buff_stat	flat heal + stat buff	OK
8/10	Necrosurgeon	Reanimator	Optimal Configuration	T4	Active	Rearrange all parts on your construct instantly for free; swap in stored parts mid-combat.	YES	buff_stat	stat buff	OK
8/10	Necrosurgeon	Fleshcraft	Auxiliary Limb	T2	Active	Graft a third arm to your torso; wield an extra weapon or item simultaneously.	YES	buff_stat	stat buff	OK
8/10	Necrosurgeon	Fleshcraft	Venom Gland	T2	Active	Graft a harvested venom sac; spit corrosive acid (2 turns cooldown, applies AoE DoT).	YES	dot_poison	poison DoT	OK
8/10	Necrosurgeon	Soul Harvest	Soul Forge	T4	Active	Spend 8 Essence to forge a Soul Weapon—a spectral blade wielded by your dominant construct.	YES	buff_stat	stat buff	OK
8/10	Ranger	Dead Eye	Scope In	T2	Stance	Toggle: slows movement by 40% but increases effective range and crit chance by 15%.	YES	buff_stat, debuff_stat	stat buff + stat debuff	OK
8/10	Ranger	Trapper	The Long Game	T5	Active	over 2 turns, seed the entire local area (6 hexes radius) with 12 concealed micro-traps that persist for 8 turns; any enemy moving through the area triggers a cascading sequence. 10 turns cooldown.	YES	trap_place, zone_persist, cc_root	place trap + persistent zone + root (immobilize)	OK
8/10	Ranger	Beastmaster Archer	Scout Hawk	T1	Summon	Summon a hawk that flies ahead, revealing terrain and enemy positions in a 5 hexes cone.	YES	summon_unit	summon a unit	OK
9/10	Berserker	Blood Fury	Crimson Surge	T2	Attack	A massive strike fueled by desperation; deals 150% weapon damage plus 3% of your MISSING HP as bonus damage; most powerful at 10-20% HP.	YES	dmg_weapon	weapon damage	OK
9/10	Berserker	Blood Fury	Martyr's Blade	T3	Attack	Spend 10% of current HP to charge this strike for 1 second; the attack deals damage equal to 500% of the HP spent plus normal weapon damage — at low HP this is brutally efficient.	YES	dmg_weapon	weapon damage	OK
9/10	Berserker	Blood Fury	Crimson God	T5	Transform	For 12 seconds enter the ultimate Blood Fury form: your HP is frozen at its current value (cannot drop further), all missing HP bonuses are calculated as if you have 1 HP remaining (maximum Bloodletting), and your attacks deal additional damage equal to 1% of your MAX HP per hit; each kill during this form triggers a blood nova dealing 150% weapon damage to all enemies in 2 hexes; when the form ends, take damage equal to all the HP that would have been lost during the form.	YES	transform_state, dmg_weapon, buff_stat	transform (stat boost) + weapon damage + stat buff	OK
9/10	Berserker	Warpath	Cleave	T1	Attack	A wide horizontal sweep hitting all enemies in a 180-degree arc in front of you for 80% weapon damage each.	YES	dmg_weapon	weapon damage	OK
9/10	Berserker	Warpath	Titan Charge	T2	Movement	Charge up to 4 hexes with unstoppable momentum; cannot be stopped or redirected mid-charge; deal 150% weapon damage to the primary target and 75% to all enemies within 1 hex of the impact point.	YES	disp_dash, dmg_weapon	dash/charge to target + weapon damage	OK
9/10	Berserker	Warpath	Whirlwind	T2	Attack	Spin in place dealing 60% weapon damage to all enemies within 2 hexes repeatedly for 2 seconds (approximately 4 hits); you can move slowly while spinning.	YES	dmg_multihit	multi-hit damage	OK
9/10	Berserker	Warpath	Seismic Slam	T3	Attack	Leap into the air and crash down with both fists; creates a shockwave in a 2 hexes radius dealing 200% weapon damage and knocking enemies prone for 1.5 seconds; generates massive Momentum for the next attack.	YES	dmg_weapon, cc_stun, disp_push	weapon damage + stun + push target	OK
9/10	Berserker	Primal Howl	Mass Rout	T3	Active	Charge forward roaring; every enemy within 2 hexes of your path has a 60% chance to immediately flee for 3 seconds; any that stand firm take 150% weapon damage from the charge; morale recovered enemies re-enter with 20% reduced stats.	YES	dmg_weapon, cc_fear, debuff_stat	weapon damage + fear (flee) + stat debuff	OK
9/10	Bladesinger	Sword Dance	Dervish Protocol	T4	Active	for 3 turns, movement and attacks fuse—every step deals AoE damage equal to a basic attack.	YES	dmg_weapon, buff_stat	weapon damage + stat buff	OK
9/10	Bladesinger	Spell Weave	Arcane Edge	T1	Attack	A melee strike that primes your blade with magical charge for 1 turn.	YES	dmg_weapon	weapon damage	OK
9/10	Bladesinger	Spell Weave	Spark Slash	T1	Attack	A spell-infused strike; if used while blade is charged, deal bonus arcane damage.	YES	dmg_weapon, dmg_spell	weapon damage + spell/magic damage	OK
9/10	Bladesinger	Spell Weave	Phase Cut	T3	Attack	A Weave-charged strike that teleports you behind the target, ignoring armor.	YES	disp_teleport, dmg_weapon, debuff_armor	teleport + weapon damage + armor reduction	OK
9/10	Blood Alchemist	Sacrifice	Crimson Bolt	T1	Attack	Spend 5% max HP to fire a blood-fueled projectile dealing 180% of HP spent as magic damage.	YES	dmg_spell	spell/magic damage	OK
9/10	Blood Alchemist	Sacrifice	Hemorrhage Wave	T2	Active	Spend 10% max HP to release a blood wave in a 3 hexes cone dealing damage and applying Bleed.	YES	dmg_spell, dot_bleed	spell/magic damage + bleed DoT	OK
9/10	Blood Alchemist	Sacrifice	Blood Nova	T3	Active	Spend 30% max HP to detonate a 4 hexes blood nova dealing massive AoE damage equal to HP spent.	YES	dmg_spell	spell/magic damage	OK
9/10	Blood Alchemist	Hemomancy	Puppet String	T2	Active	Force a target to move 2 hexes in a direction of your choosing; they deal collision damage if hitting terrain.	YES	disp_pull, dmg_spell	pull target toward you + spell/magic damage	OK
9/10	Blood Alchemist	Hemomancy	Hemorrhagic Burst	T3	Active	Detonate all active Bleed effects on a target simultaneously for a massive burst of damage.	YES	dmg_spell	spell/magic damage	OK
9/10	Chronoweaver	Accelerant	Flicker Strike	T2	Attack	Teleport to target, strike, teleport back	YES	disp_teleport, dmg_weapon	teleport + weapon damage	OK
9/10	Chronoweaver	Entropy	Wither Bolt	T1	Attack	Ranged bolt dealing low damage + Decay (DoT, 2 turns)	YES	dmg_spell, dot_poison	spell/magic damage + poison DoT	OK
9/10	Chronoweaver	Entropy	Dust to Dust	T2	Attack	If target has 3+ DoTs, deal burst damage equal to 2 ticks	YES	dmg_execute	execute damage (bonus vs low HP)	OK
9/10	Chronoweaver	Entropy	Heat Death	T5	Ultimate	Mark a target. for 3 turns, all damage they've taken from your DoTs is recorded, then dealt again as a single burst. 15 turns cooldown.	YES	channel_dmg, dmg_execute	channeled damage + execute damage (bonus vs low HP)	OK
9/10	Chronoweaver	Paradox	Time Bomb	T3	Attack	Place a marker. after 2 turns, all damage dealt in the area during that time is repeated as AoE.	YES	zone_persist, dmg_spell	persistent zone + spell/magic damage	OK
9/10	Echo Dancer	Resonance	Requiem	T5	Ultimate	Mark a target. for 3 turns, track all damage dealt to them. At end, replay 60% of total damage as pure sound damage (ignores all defenses). 15 turns cooldown.	YES	channel_dmg, dmg_execute	channeled damage + execute damage (bonus vs low HP)	OK
9/10	Echo Dancer	Silence	Ambush	T2	Attack	Attacks from stealth deal +80% damage and stun for 1 turn	YES	dmg_weapon, cc_stun	weapon damage + stun	OK
9/10	Echo Dancer	Cacophony	Screech	T1	Attack	Cone AoE, moderate damage + 1 turn Disoriented (miss chance)	YES	dmg_spell, debuff_stat	spell/magic damage + stat debuff	OK
9/10	Echo Dancer	Cacophony	Bass Drop	T1	Attack	AoE slam, damages and knocks back enemies in 2 hexes	YES	dmg_spell, disp_push	spell/magic damage + push target	OK
9/10	Echo Dancer	Cacophony	Shockwave	T2	Attack	Line attack: damages all enemies in a row, damage increases per enemy hit	YES	dmg_spell	spell/magic damage	OK
9/10	Hexblade	Hungering Blade	Hungry Strike	T1	Attack	Strike with the hungering blade; deals weapon damage and heals you for 8% of damage dealt (lifesteal)	YES	dmg_weapon, heal_pctDmg	weapon damage + lifesteal (% of damage)	OK
9/10	Hexblade	Hungering Blade	Drain Strike	T2	Attack	Perform a deep, draining slash; deals heavy damage and heals for 20% of damage dealt — higher lifesteal but slower attack	YES	dmg_weapon, heal_pctDmg	weapon damage + lifesteal (% of damage)	OK
9/10	Hexblade	Hungering Blade	Hunger Madness	T3	Active	Temporarily lose control of the blade — for 2 turns it attacks automatically at triple speed but hits the nearest target (friend or foe); lifesteal is quadrupled during madness	YES	dmg_multihit, heal_pctDmg	multi-hit damage + lifesteal (% of damage)	OK
9/10	Hexblade	Spectral Arsenal	Phantom Strike	T1	Active	Command all active spectral blades to simultaneously strike the same target; damage scales with number of blades (each blade fires once)	YES	dmg_multihit	multi-hit damage	OK
9/10	Hexblade	Spectral Arsenal	Spectral Surge	T2	Active	Trigger a surge — all spectral blades immediately fire at a target in rapid sequence over 1 turn, dealing their individual damage per blade	YES	dmg_multihit	multi-hit damage	OK
9/10	Ironbloom Warden	Thornwall	Splinter Burst	T3	Active	Shatter your Barkskin early to deal AoE damage based on damage absorbed. More absorbed = more burst.	YES	dmg_spell	spell/magic damage	OK
9/10	Ironbloom Warden	Rot Herald	Spore Shot	T1	Attack	Ranged attack that applies Poison (DoT, 2 turns)	YES	dmg_weapon, dot_poison	weapon damage + poison DoT	OK
9/10	Monk	Iron Fist	Body Blow	T2	Attack	Strike the torso, dealing moderate damage and applying a 15% damage reduction debuff to the target for 3 turns	YES	dmg_weapon, debuff_stat	weapon damage + stat debuff	OK
9/10	Monk	Flowing Water	River's Fury	T4	Active	for 3 turns, every attack aimed at you automatically generates a Counter Charge and triggers an immediate counter-strike at 80% damage	YES	stance_counter, dmg_weapon	counter-attack stance + weapon damage	OK
9/10	Necrosurgeon	Soul Harvest	Essence Bolt	T1	Attack	Spend 1 Essence to hurl a condensed soul shard; deals spirit damage, bypasses armor.	YES	dmg_spell	spell/magic damage	OK
9/10	Necrosurgeon	Soul Harvest	Soul Detonation	T3	Active	Spend 5 Essence; release a 3 hexes AoE explosion of spirit energy dealing heavy damage.	YES	dmg_spell	spell/magic damage	OK
9/10	Necrosurgeon	Soul Harvest	Soulstorm Engine	T5	Channel	Channel for 1 turn, spending all stored Essence; for each point spent, launch a seeking soul shard that homes on the nearest enemy. At 10 Essence, trigger a Soulstorm—a 5 hexes tempest of spirit energy lasting 3 turns that continuously damages and drains all enemies within.	YES	dmg_multihit, zone_persist	multi-hit damage + persistent zone	OK
9/10	Ranger	Dead Eye	Ghost Bullet	T4	Attack	A shot that passes through terrain once; deals full damage regardless of cover, with a 6 turns cooldown.	YES	dmg_weapon	weapon damage	OK
9/10	Ranger	Dead Eye	One Shot, One Soul	T5	Active	after 1 turn of aim, fire a shot that executes enemies below 25% HP outright; above that threshold deals 600% weapon damage to a single target. 8 turns cooldown.	YES	dmg_weapon, dmg_execute	weapon damage + execute damage (bonus vs low HP)	OK
9/10	Ranger	Trapper	Cluster Mine	T2	Utility	A pressure mine that detonates into 5 smaller fragments on trigger, each dealing moderate damage in a small radius.	YES	trap_place, dmg_multihit	place trap + multi-hit damage	OK
9/10	Ranger	Beastmaster Archer	Bond Strike	T1	Attack	Command your pet to attack the same target you are shooting; next shot deals +15% damage if pet struck that target this second.	YES	dmg_weapon, dmg_weapon	weapon damage + weapon damage	OK
9/10	Ranger	Beastmaster Archer	Flanking Fang	T2	Active	Direct your pet to circle behind the target; your next arrow deals +30% damage as the enemy is distracted.	YES	debuff_vuln, dmg_weapon	vulnerability (bonus damage taken) + weapon damage	OK